Model,Accuracy,Precision,Recall,F1 Score,ROC-AUC
MultinomialNB,0.9829596412556054,0.9924242424242424,0.8791946308724832,0.9323843416370107,0.9917427432017452
BernoulliNB,0.9820627802690582,1.0,0.8657718120805369,0.9280575539568345,0.9925903539122098
GaussianNB,0.8834080717488789,0.5372549019607843,0.9194630872483222,0.6782178217821782,0.8986549390692957
GDA,0.9766816143497757,0.9555555555555556,0.8657718120805369,0.9084507042253522,0.9668424416746564
LogisticRegression,0.9668161434977578,0.9827586206896551,0.7651006711409396,0.860377358490566,0.9874282657329054
